filename,tokencount,nercount
8d12cf0a053f61fa0450c09ef1402bfd.txt,4166,89
8744c791b290a173ef5fe3850c3ad547.txt,1287,19
57c39ae6aa8b7df90b16664289e4c593.txt,1938,29
568a2b6a41bf9092e0dd7f8de88f5936.txt,4389,70
0aa538a298829f14ed138e972648d7a6.txt,584,7
114de9a2ca92c8fdbb7d0e7cc9661123.txt,1887,62
e47b755864e7071db3c1be7857432b86.txt,2119,46
418c24e8cf7a883da194f7da817b0af2.txt,3942,34
c6fb6950897dfde9d429708cbe3a5d8a.txt,2428,25
a79c2a139c3ded9fb856be8e9d3ad7bf.txt,2527,55
fe7f60669ba9d4efc2ee5a3716bf6e62.txt,2348,12
047548c6bbbeca8f096f58ac751c871a.txt,1855,47
b63dbdef9b3d7eeae0dda6da308fad61.txt,2960,75
5089ab1d6bd908334f292451ed7bd65f.txt,3207,69
8d834f5a02abe82a8e7a627073fa3210.txt,4726,116
5dba74e5597d17e6573b4487ce5ad332.txt,1334,45
a509385f03f629c3ba712e73af8778d0.txt,1845,35
6f1518343705a6a6460b21057769756c.txt,2337,35
2d355c549274e57952d65eb1fbd009d5.txt,1103,13
fe664c980510043f51ac0e81442f173e.txt,3182,124
a5100024f7a7c0eba541c6460e641003.txt,3354,73
0ae4c62e6cb2f05cc6cf6938df4d50c0.txt,4290,82
a79d5df24d43cccc4db71bcdd7fc940e.txt,1412,25
ee6b60d1daab76753c241fa7af217e00.txt,3224,63
b5e80a4c3b84c620e21281296907070f.txt,4036,63
99c56e3374ac37b1ff07c096f3a91de4.txt,2515,59
e5c370dd371685b20c1ff4846a3bbe55.txt,1339,24
34d080ea2869c365d6f8339f74718374.txt,669,11
3ac32a9f6e4c68b4652e3b96ebc51635.txt,622,11
85293ce50327f6b61dc6e26d886d16b0.txt,873,14
93a9b3a4f0b68bd75b90fb01871eea4f.txt,1656,26
2e7c722956f7fe3fce4c071f0cb10b5e.txt,1239,38
e8c46bc142d4805193b67ded6566151c.txt,2733,28
7ba32df7f52457787509ff11b47e3c0f.txt,623,12
82cf31dc71de361070b96e3f826ef3a5.txt,1541,9
ecf944708003fbcb70038f3de07b6a97.txt,1618,31
2372d2fc68950456671d13c6f87a780b.txt,427,13
e5efb7a7a5cb5d50390fca3c3488a3c6.txt,2389,41
1c029c1f452e02cfe784c069baf664a5.txt,2914,131
f0f268f96371663f6de4a1cef330c00e.txt,1089,16
7dbd1360f79a74fcd36100e4b1166958.txt,2265,56
661c7a32d24e725e652535678e5e3d3d.txt,1332,14
7118af29fb3ea46b5b2293bd8f83113d.txt,2013,66
c8e7856ceb81038060433159cd21d59f.txt,580,21
ec23bcb8e588ca244303f1df18c29ef1.txt,2581,53
fb7c51e997f843a19ad142741e4a712d.txt,580,15
66df65ac403a82bf797d5cafc8d3d707.txt,187,4
0632e13be47ff382d04208c459d9abab.txt,2218,54
976ca9fc126c3b8f76b8dabf3e9a1b0a.txt,1264,24
b9fe1715a1367fa5487ba149fcd4b46f.txt,1567,40
ec2627d34c0ddcebfe0ffd35e9d5f84c.txt,326,4
dfef1134eafabf18c2b327e32b29e74e.txt,1649,28
c3d9eff8121afad085b9caf48b3e201a.txt,3313,41
bd6ad478c2704479bbbf9de3cb5a1ba8.txt,430,8
cb99c4a1db3b00015926783c3191a43d.txt,1909,28
8a3031e603f48cc0c22cf95acd21c33e.txt,1654,52
e70c87378a8a46c198340ce25d13dd52.txt,3865,96
50d2a46124a67e7f56be78883cacb1f3.txt,580,11
1d5976e994c34bd5c388b80806bcc39b.txt,3943,152
fb7604408a388794c7ae5cf0bedf7f56.txt,1593,29
3eefb1c6ce4e08b5bea05a124b11e7a3.txt,3738,130
b64add1c3b87e93def1be220d5c0f47f.txt,1632,47
f7dcbcff4756f42b8f0e85e231fb9d1c.txt,1780,31
e2b0340e390af970cb581e6ea3bc9d20.txt,1274,33
9c2277fd64d05b18406e66686d236bd9.txt,553,9
2c64c1bda2b62c204f443257d13e4236.txt,498,14
62be1dbd3a6a9a05492a22783baefc52.txt,3418,70
ac56f696204479a046bd5ba60de49a5c.txt,2116,20
e958752be2e5d45305b164fadc4e8bc6.txt,1487,44
e10249811abe8694e286a4146c373b87.txt,3459,71
e2f1491972e60f4d8c2e8eff6ac5cffe.txt,2620,51
eb911f72ad45a59cbe2b9221f230b49a.txt,1301,27
58dd2e745e84f942c486a5f47ced59d7.txt,516,16
c3240f80049b79f268e7454b6b5d1d49.txt,1817,29
8ae4198d54d53d8e57e639e849a0e9ef.txt,4287,103
aadbca2141843b89ac1521f4ce9bc70f.txt,1727,46
7962d3f3707497df2a563aca646d84b3.txt,1366,27
bb37e728b2e5b4ccf075c705b4956090.txt,4002,85
5ca4e9e2773476be747aff37c29f2ccc.txt,3714,48
8f691201b57ee0d542bdec085c7c00ac.txt,680,24
113e0d436b3ca1c2ff93682f97a086e6.txt,2488,39
d6f120914e735a9ec5b8ac7477c1ae43.txt,2198,57
6dec69205bc9e8350288fde0b302f527.txt,3857,114
befe72218523b0f8315d1db228297198.txt,1809,31
e9dc85b89f40d3e92dc6b85f611150c7.txt,2116,38
20ca2c478c1c9d3c20deed6ec7e79952.txt,1511,22
b0ac8bc2750b06d535aa0be24922128c.txt,219,6
95d02eac9182a5136f918408f4307791.txt,2718,85
d0795d184518b94c50865387a0981385.txt,2221,47
140bb541e37bbea0c3a55afb502ef369.txt,612,12
53de4df78c92cdb4b225e108da1da1bb.txt,2229,63
953064b76d7e5cf1834ff86f0c2a49e1.txt,2756,46
ad689b9cc9042353349aeb7fd2c7bb40.txt,2626,57
0bd119302c0b49ffc927dac86943717c.txt,1527,31
4d08ab063f7ed543f7daf8b8f72eefb5.txt,4205,150
79d1df29688f609f1dba7a2195a8ccdc.txt,2352,52
94cfce9ebb990e3597ff9a22327e6b30.txt,792,5
3b04bdade395b630ceceb58f6d7837d3.txt,898,15
01a839a7a6988496e83cc47ad28a5228.txt,1583,34
e81e69dea03b7bbfdd5e91ab74fb43f1.txt,3334,60
93d30944c31c2d10804c3b61baf284ce.txt,311,7
e64bea5209f3615893fdae6c8c01dc6f.txt,1404,47
fba87662c9c3fd02417395a09fcb4dfa.txt,1645,36
2257410ff6ea5cce1b61c1efd6017926.txt,1990,47
0b0a2f77294b7a44cce2a50a5c10e150.txt,1111,30
183d208ba4f0f53fdb2c0656be548b1c.txt,2680,20
4ef9595230b3c391ada222527b439d06.txt,1379,44
1e6ae63c40595c544294c94bba03a450.txt,3956,75
a80cf386f7f7fa1e7125e1c4ba9419e7.txt,975,9
7db7c894ce7e3620d3632591fc52da68.txt,459,10
109b7249bc319d9fd7b02118736fdc5d.txt,2160,75
4bbc821a1ae95ae3b825524c4a491eae.txt,3421,97
4b9391388d8eb77a51282fe3a825fbea.txt,303,6
86c452ce94fde4b327f96b2a5ddb1da2.txt,1112,22
5879236fe1e4d5ea3df36bb039fd9cfa.txt,1379,42
1545d523189a8591368871bc4765668f.txt,1637,10
5ab366cd42185f53d2a01205894b70d0.txt,1129,22
3b0e91e170e1075980188c77ce06b51e.txt,540,14
20ea97e847d7ca8ee957c6eb59187351.txt,984,22
731a328e6c606fa9c2897c56648da94e.txt,1579,27
72b2f83baccb1a3fcbcbf630f972bcef.txt,1413,21
68179f27c0216f7c83fcc7dadb225595.txt,1353,3
00f268caf0d4cdd9caf0fcd275bf93d2.txt,1304,36
bae814a4b0713816865f2a5ed46ae448.txt,1725,23
6c0cc5e414df676037898952bc09ca5c.txt,849,9
586ae704cd82bb9e6b0bcd18ebc7ae49.txt,2930,89
a2bbafed2cad07d97bc858cffa32084d.txt,523,14
384732b55a2daf63a77ebc24749ac518.txt,683,1
917cf205d87fd1f1605bbf5af5746345.txt,1258,34
d723735404ffea05806bf53879deb02f.txt,2637,47
147ca5e62d1869d8245aa5b59e8567ae.txt,3659,83
a76f11ba8a9d7d24bd1b8bd82ac9c362.txt,1280,41
262858db44e392043ceaa501e61037f9.txt,861,10
14a653fda7beeb445133b96103ba346b.txt,2980,83
33342b4eabf4ab8bc304ca1b4b9cf6e0.txt,1287,15
67c95ce4df3c8fdf2a05c1648b9b10a8.txt,2438,89
55b40ccfd28756fd71759719bb763dc8.txt,3689,61
0099a5b9f9c8c9be91e4b9a01134f61f.txt,478,15
fbacf5f47c7ece185808e9e5a5d50bb8.txt,1432,36
49071cb444dc57fe97d6a209068b26d2.txt,1924,34
01031c1c7c573d6550bb06a938893a10.txt,745,31
0d87865e9b5c556cebb30d1b6de5f3ce.txt,836,27
9bf54edcbdeffa989c426a5b27ecdd1e.txt,1461,51
2c4e0e1e85a09510473e2dcf9b90b5f2.txt,3006,53
bd517232294f50961c8b57a5873ed257.txt,3016,61
31713c91d3054c2e8aeeec6b2c5347c8.txt,1275,8
95c7279da34bd08afba1a9488d18de44.txt,2422,54
1df47eba0da8a372ddaf57b0b0b7e9b2.txt,354,5
372eccf6722fce1603ef3b8285e3ad79.txt,3645,35
5a920ab36664b5ca63351696f3cd8476.txt,1557,33
4b98bec086f964559851d278691405d3.txt,1887,31
c5be73ef5eba4810d0d11fc45962e640.txt,1447,39
56a1142ee4b577c50f3481c8011e4d89.txt,1620,42
86b988f71216a3ddf26e451e8edb4d28.txt,2014,32
efd71d105c6c724c496b0213fc9fd0bf.txt,1294,28
ee634da58289529366c94ded0736f325.txt,873,12
466ae3feec66cb43be4fa342fd15a670.txt,1340,8
de2bdd2251c9524345f94004c5169f2d.txt,3415,110
3005743dde7513790f4102e958657253.txt,2138,60
6e8d9856adf2fb3457ab09aeb63c6b0e.txt,1602,18
5ab67cdf3cf8291a6b42f431f5b11bf1.txt,1977,47
f82715f162ef087bee6508a741343bd4.txt,536,9
a4ded81b4355ce651f3c2bbe2b1f44fb.txt,2826,46
4aba3e671fb316422c6bc31a167cf6cc.txt,832,38
a63259da03004816150d7d49f01299e6.txt,2120,42
4f354998ef93faabbca4e6c87b0dc6af.txt,2093,61
ea5195f935516d454709d95a3576b476.txt,1224,30
5f4dbe4bac7b22a21fdd2daab659da17.txt,3546,64
9a50c274ed968a4aad3457bc17575fc2.txt,246,12
8a3dd1c83f1be53b374acbafa4f1d787.txt,345,4
bbe16e749dd391fa454bfe690ae7f86f.txt,916,47
e9f6cc72ff019f35a489884968b5437b.txt,3739,65
bf37bd5f8e5f989d033ecf457e6291a3.txt,560,7
d42d4cafb8b40ce2c38ce0197cf97e11.txt,1233,27
b81a81abf83683c9675bd02321b40ec2.txt,1696,41
9b683ad50e0abdc446273dc59df82804.txt,3487,92
66d0bca191b4fd77f15d061ac8670541.txt,2796,86
a716d35ae590f96d2d6fc780dffa174e.txt,2375,31
3df1417c04c4962815d2b9488e5c7884.txt,1935,63
126e43c1bb22be25d0733d4235115c0a.txt,632,19
01c3f71aebc1151dce042fa0212ee5d7.txt,1306,20
484c4985e1233fad156eb2665db70d92.txt,1814,56
9a02b1fd74a332c0e39415b8dab13cba.txt,346,13
4523456a0615ec3b5475d0b5d74d24fe.txt,1521,44
1d53e57b7da4847f2dffa68d55feafde.txt,758,19
b43584c12d9ced08bed7a63b5521eb2d.txt,182,8
2a2a36a4e0106a756d79221c8d0b48e5.txt,1663,56
4862242232aae34dcde3eae0fadd4cff.txt,2449,48
0b06fd3d05e9344bb335cfde3629ef66.txt,684,18
99e2422fe9cfe96183cb8528551bd01a.txt,1065,26
4e6e8788063ff009ab25588d8805ac4a.txt,4481,138
a732a5c60d65f45a276e48c817ef61f7.txt,4890,103
2475b9063eb20a8bbeac0c9cb205fb98.txt,3816,85
a12688054051e227475bc0c6daab2d09.txt,1657,26
f6678223a2466d0a1786aebb86d39c77.txt,452,15
c2aba365a52655ae33e7f78ca7a44f7b.txt,1883,64
17f959c8077bbff79b40b59849537ac0.txt,2300,27
4bf03452f9fea6322003c4ae3736326e.txt,408,11
bfec53fbefdf707460eb5ddc6d72e2e1.txt,1932,63
ce9bfcfdac82004a753c692ec6c92aba.txt,4322,40
e8be9c7cf7fd93ff914d00ab09e8a513.txt,1463,45
39ac237d48e7b85c6e1dffa1295f2b3b.txt,3501,81
909d99cb994c15123becb03c9911bb66.txt,2126,37
b3d1f2ea9e96150dcdceb9dd151932eb.txt,1659,50
d778f54a94898bd9730dfb6ba5e22c7b.txt,3204,106
4a1e6cff368428646ce75a2214f51a06.txt,3015,68
2536bf8328077b9214e338500bcc5ddb.txt,1972,22
f5b8d73c7102c1cc2cd3b2bc727cb53d.txt,2623,74
e64cc48f7734a0b9a68f22d10e93c2b4.txt,5644,65
e6a3f571036cb39395e898cdadf69e2e.txt,1927,23
96a862c8267c7e41f41fbcbebb394be7.txt,1820,29
b277995a7b46ddbbe0d1090b88961d75.txt,2474,37
acc84ebdecadaf17dfb708f33e38fb32.txt,4130,47
bd5895d6e11bd661afa9b8ba228e4e17.txt,283,4
ddfc85626ca8c2c7c5358ccdc90aedc9.txt,316,8
4b108d31767cbc989217c185946cd447.txt,2393,50
739329c32467f1d81d1ff7629a2502a1.txt,1171,19
c2c900366d5e4bb8898548c2fd9149c0.txt,237,6
4c7c78f489e9ae6cf86f1695e44ca6d2.txt,1306,18
ae724c9831a6621d46d37b6c2f5a419f.txt,3715,86
59cf960e3a61eb9398b231da4c94c864.txt,1407,40
e6b3d593a872150ba51153d8ea1629d6.txt,375,7
b59167d29bdcd7ac5a8b856740c0e5cf.txt,2502,58
cb5b8f541b0ad0da7afdcda8ab720fc4.txt,938,24
f5f0145e2e5f145b2afab0d5a0ffbdd3.txt,2552,75
763f9219e68e81149fea9f427c6d21a5.txt,1555,5
727b413aeb4eeb8b6de892745e3310ea.txt,1343,30
4eb3033ccba68e99ca0489eab1df235d.txt,1769,32
82014dac37f58c2bee018d4272423c4d.txt,3443,46
10b81ca275b6faf320584338b995c7e2.txt,705,19
f10783e5917590cab536e250e10f21be.txt,2074,50
1761f118a61a1bf1b4ebe70a10eb7d1d.txt,2355,8
541b01ddfe6c189ccc5f30797a8e4514.txt,1667,13
13c0a02b5400cae450d78099f48ecf0c.txt,3583,77
218b05e2abdfb259427c05831315dd9f.txt,1251,17
5d5d426c3d13e34ced5e9207fa314c19.txt,1731,46
03af2c38bc44e5c3aaedbc55f7a52b71.txt,825,9
c5cb994bc1ffee4e9bd156202d103238.txt,1151,21
a78f3a2fdaf43bd8430b40d5419c43c5.txt,2212,24
6019e0dcf73a823cfbc84c222525f028.txt,345,5
9864c3d94f750745f883f44b6b5d7318.txt,2742,52
928283c56e15d00d8a2de27d35675a57.txt,1371,50
45d46ef0ff24eea5ab41d2697f0727fe.txt,1521,29
f0b1719599f26ebca3ceee7c95caa5c2.txt,3410,64
07e2ee2455709e797da3bc5a3396f2be.txt,851,26
63f295923a7b4f6c1b6174385c73db74.txt,1935,44
131880121636b579e9a422bfbfe664e1.txt,3902,73
c7474db9d78243a4e0fcd49062e3afe4.txt,3641,87
32e09572ffc9801c00c551a00ba927f3.txt,688,13
d015583d1360e4a8906a7288e1141961.txt,1333,15
0a74ecf038953cd7748495199e8bd9d0.txt,837,13
ea0ab504071645e1b8e73c1d282398f6.txt,3804,120
0888555f9a58f7fedd0b0aee1f896fe3.txt,1656,48
e3c8c40a9f1311031bdcbbe15282bd88.txt,1572,52
c67b09cb32602cf922516cfbee0f625c.txt,2509,62
3c1e35eb90387fd882fc7d452e1fbd18.txt,3784,108
1f0749f304e9b37e95dfb0266267b4bd.txt,1339,22
e43117b506a1555f671b63aad52dfc1e.txt,1128,17
2b451186b6efb14e4dac557594bf118f.txt,1984,56
5c5844a96115ffa6e5f0067b55d3ff02.txt,331,8
ceaa484ddc173fdcf999395f8cf3727d.txt,1045,16
77676557fcdd158e86a1a246e39b93e3.txt,690,8
36f0a72b44b55f6176ccf52984990395.txt,2132,53
155640e4cba26063a79e10fd676fb455.txt,1511,9
e76a6afd35774d3e6cefd21f66efa8da.txt,2381,47
24aa658de6a59bd6be6fc0373b61434d.txt,1223,22
4c79b4c285eafcb656d0d242b2762715.txt,2034,57
b674fe4a3566edd324c96c31c6e8204a.txt,1824,59
a53f829d3ab3b0defb66071b660bd247.txt,4116,79
82583b1ce34fceb24bf2c446f8118399.txt,312,4
b78b60f5b6d6ce7e544497d5330d2bb6.txt,1759,34
c67d896ca54aefac7ac6471734a0a295.txt,522,16
474175dfb56f258dfeb41623abf9c219.txt,1799,41
029c9f0de08494bb495a7f1e2be7a051.txt,293,7
feb0e3fd4f6bdafdee4dc9be70e9a9f4.txt,3371,64
be9f2fc783c9e7c0dbec50a4893edcb9.txt,3195,82
37b879a2106492be5c9be58191280834.txt,704,14
1353dafe1d742a8f5f88151e0bd59ba4.txt,1224,24
19ddc2125bfc5399f036b7f8fad453ff.txt,4055,85
3e1f83dcd2c36563250af5e451d6225a.txt,1960,18
097ea1dcd7b379d1f93905b4047c9295.txt,2175,49
997ad56b32c6d712f50834b6fb33f221.txt,1341,30
6ae33a39c2a2f0934661b0598a78fbe4.txt,1760,18
3e28774ccdce7f00bb9667baee67ea68.txt,2117,38
96c4bcce95765b92b9f3073debf767b6.txt,988,14
9898126d9572ed2cb81718c1f098ba80.txt,2455,47
cea9a6bff4d4b7bc3a532bf0b4a76a11.txt,1535,28
24b2d0a82e9eb8b37f540e5927eb5e18.txt,2377,63
287b7fed20d3a09f2ee2a5204b913f0e.txt,1056,21
885c32a37cc8a833e5ac1072406b525e.txt,3015,80
60a6fc9b68af57c5d5905a1617a96e9f.txt,247,7
62cf0d60cf3d0ac669af0c686791a585.txt,2241,59
75e8186edb6fd645aab344ddd80fbfa1.txt,3365,31
45552d20c81ca5da52ba1f8a80a10747.txt,2689,82
e684a5640614610d692525dc83704b78.txt,2772,37
32ba6f223b4e2c832c837656d845d65e.txt,2049,49
1109d26b29dbf4b13141d1662d3cbcaf.txt,2330,40
6df8a9b709ff58b63a8cacaab1029142.txt,812,6
3137a3d9aadf9112fce3460bae402220.txt,1270,46
f88cf9460a5313832ef36d36c79bf8d4.txt,4750,119
899f4b0fbff6d5858d71c0fb8c4719a3.txt,2834,54
ddadcda1a688d926f30493634efbfa80.txt,2636,26
14cb42889c44c9f6857f87da0ddfd441.txt,2802,42
8db535d0d30291b72c480cb5433fe202.txt,3259,58
6be949d91cb4359d1c323c25b6bbb3d6.txt,485,13
c6f9500d07fe1898ed41811f3809dab9.txt,1485,44
62cd7acea93c881370a850037cf22fbe.txt,1723,33
9f5c92e81f3e6280f4aae85027544a2e.txt,2826,54
7c3f96ae7da4835274f0d58070d309f4.txt,4778,159
5572e4a1171b046e7f4b433f03f5d585.txt,2711,48
29f31ae66e7007b8d71c0bd53269cc2f.txt,1288,17
265ed25c5131db60b98a7dc06b0e7dbd.txt,4257,40
ec0673dbfed3def78780ce41f43bb64f.txt,525,8
1429248faec70c869ae1b733e5e764ef.txt,1284,31
92fb5be1ed1d5de082882882b034bef4.txt,2955,79
ce3083404ea519e2631689bdb4db2d37.txt,174,5
3a94e62ca732273a6239f2c5246324a3.txt,1736,24
bb74cbba6b66163ea1c7c2a3de70223f.txt,2711,15
e89335a614f7cdba213199faef9fc335.txt,4416,65
b8d85ab6ed83f832fe6a15f8a959d3ee.txt,4568,54
15e8bfdc6cd18a5aff4f0f2fb9b66dc2.txt,2292,28
a9997b59a76120312ad65565778364e3.txt,2082,37
e6f35f9ab7809e9e579591b065275f6f.txt,3335,18
ed82b8c114ebac127d99f6e81ddd981e.txt,3437,53
8fd9f897cc6a9cc374a1448d9ea7db96.txt,1234,31
7cbf0708c73d5436e4c421c275279698.txt,2365,69
cd9cb45d65a52c346f19505785f1c6fc.txt,3414,136
7d1730aec96c5566984a85d3c0e29145.txt,526,15
a5ad50fdfde38c55095dd577710988b1.txt,1913,23
68400e8f7d766b63b62fef6bf4240279.txt,452,15
6d64541d73b2e6772768004f98227b62.txt,1336,51
3debfaaeaf8c2ba0d2454cfeefe2d1ae.txt,2858,85
0da41ac89780884b4e0102eeaabd4f48.txt,1768,74
8e7f43277905bf7a342730ba80ba71b1.txt,4045,89
36b7a4c270f64ff867e4024d907753cf.txt,278,16
c7b10fba0f2231cf319ccae13470e970.txt,1634,10
44d61572eabd89626cdea3ab75d56e73.txt,2755,14
bfc13c59e1add9616e27d76543926449.txt,2390,34
4f2bff6d3c5602242a47be3c88501b6c.txt,450,21
55c3c264935ec2abc7c1de1a0034fa44.txt,2302,26
8d347c5d07d11198b32a7ec74d9dfc3f.txt,1568,23
52c2d4f9034c307a6bb2c70c28b60983.txt,2749,42
3a7ef363a63d422ade47d0aaa6dd7ce0.txt,2152,35
45bb7d8f9c868467f6afac6083ee2fcd.txt,5164,125
ed0b9bb447727ab53e140132f395b1b0.txt,1987,36
3fcb739c48a2db50691525bc7972d2bf.txt,6177,141
f4eba5ac7c787eb519126ea286c40895.txt,1078,30
236393caee049073bc79f837a9fe8fe3.txt,311,12
ba64d1d36d591e146bed1304b2d90e2e.txt,513,21
f158838abb7d0b58b3d1b92d85b81b44.txt,2216,41
e7915fd951d233d57f62a15daa62e7f6.txt,718,24
d19ce6da6485034fd429d8cddedf51ab.txt,632,14
4e377415456a269f2fb36737de58fc94.txt,3583,104
a7dab3923f43a4f9ae5fda548ad8882e.txt,1624,29
949f56a03f9c2df274ee424ef8ee61ae.txt,1168,22
d70a382f2851e488b36daf131752332c.txt,1820,34
9c26e39b6dd1561ce8a83964c0103fb8.txt,882,32
1b9da16acb03ad5e89c8881fc469b97f.txt,1406,33
e4de92d6ebc5e0b876890f42b7327370.txt,1252,14
ca5f94bd9986779bafbb106dee7c04c8.txt,3163,36
0bcb5705693cd38a5bae7cb3b6686aaa.txt,522,12
120ffbfecedb243cb8d440499f336f1c.txt,2216,59
754c1d8292cd0232549fab59441e2fb2.txt,4428,132
82f7927bbd047721632db1b080a325a6.txt,2796,47
3224a4a2cc2ba628747082454fc534d2.txt,1749,43
f4759c92330186df90b34ddfe4315c34.txt,2445,44
309f766faf4a23be06923161435b30db.txt,135,5
4a044bf015f2d8c3362ed4350ecbef5f.txt,3699,108
77191524f09ec367b01c5c0790ef4a20.txt,2444,45
dd96bd75a894dc0f65dc1f4b7a927365.txt,1509,16
ae1e0e66dccfe40f295aa1eec86cf0d8.txt,1737,19
ebf2bb2b623c394e2cdfa8e07c70555d.txt,594,12
8f44824508fd3ebc1bde97afbf550a17.txt,491,6
9f937b1828be55515d974e1818f5eca1.txt,2709,69
40ea34a1946f34a803827592e2a15540.txt,2226,36
bca822c3729a77af7d84e4be4d696c98.txt,320,10
b3231937fd4598112f4417e9a9173dde.txt,3592,90
7289ab317568a5536dfa5e8fad8e991b.txt,1878,72
44ac87c9f3cfea89edf345753de4bb61.txt,253,4
c31fee41855dbff3ada507f4b927dcca.txt,2175,38
03c373d8cbd74ead126808499ebf4502.txt,771,12
bd9623b1c35e7b5615560f6405d66e38.txt,272,5
e63ccdb18ed25aa4c0904be8aa467d83.txt,1528,26
2157ba97986c9954c1b20dcc044abb5c.txt,3082,47
d45bf13d59b27a982603ccf3556c434e.txt,3063,96
5f82deb6e11639b317be07d1a9755214.txt,3125,38
f7132fd5a3d729fa727db964f9ca6e24.txt,3338,107
cd13eca26f965166a42428b8c40ffe11.txt,1815,55
6422f62e9d8adbe67f3a6f1bab2e835c.txt,3157,84
f04042939d42d95c2032a5ef19c6e393.txt,1413,35
aa1824b359e352114507b3961ef0830d.txt,2284,43
8efc1215bb2196e3697dceaeea8bf1e3.txt,2069,42
e476e690cd2575cf4ef501775a2e25cf.txt,1931,53
996bf969300b290b4a076275277ad4ce.txt,1265,26
80dd42814eace1397d644240b63a976b.txt,2101,56
fd2b15b17f801719fb7e1ce44bc19948.txt,2529,50
620fc0d44ea10cab5a0a9837a404d92b.txt,2734,59
0a849da6e1bcb2f861100dded700a4aa.txt,3284,73
f53ef2863e4dc9c536e68243aae3a9e0.txt,3754,96
5a365bd36958e6c501cc7b4d7365456d.txt,2315,84
957c8982c9c0c817948ffa377cb2af50.txt,2346,52
ca9511eeeffcd8cad378b745bbf7f0d1.txt,2637,48
c4bcf3fe0083f73024e076ffbafa9a9a.txt,2184,62
027134939f0e4bd6edc4a078ac6b5039.txt,1328,15
d8ad1066a2475dbccf6a2b7ea8589698.txt,636,21
369a2c394ad06837c543b062ce0e92ad.txt,3970,100
6238763f115a1d7434ba3024f13e8504.txt,2477,21
6566d538941e51ecac4bd2ffd02c8a60.txt,643,16
2a4a83b739ac9235f24fa043287e2042.txt,807,8
75556e3abda535e4f8180aecc3b84bd9.txt,3695,68
pip-log.txt,1083,12
8685c333d2bf316c2119ea0c02729ca0.txt,1905,46
dacfefbcc03e0fc41921ebe6e20c9370.txt,958,20
64496639559ff25166889c9c5d572b89.txt,1841,33
9c6daa857e1121d37a5299b793fa04e4.txt,975,31
47caac00ff898c4bce06031451e04aed.txt,1443,15
c459fe6f5b0c2affad7e5d48aff643d9.txt,1393,45
2479cf06e4f8d22b3916e3dbf9641755.txt,2275,68
be88c822e09bfe30f9eff351a65f9c52.txt,4120,94
a322f60af49f42c183c71147d9fe0950.txt,4068,73
284fd1d540e6db8b150b933714565c4e.txt,1974,30
85fef9265cf0f86230759536bcb05461.txt,725,21
9d587d90aa34a8466b489ed81b3a11e9.txt,2413,30
ea364430c07f3cb5160e8ed8d6614423.txt,2495,39
833cbead4e32a7da79039d24834b0306.txt,2932,97
62213b4e2b90b126728ac19e37c1d7b9.txt,642,25
841865ecdf78a904ed41de5b9c93b096.txt,2530,61
38456678abf36eda41513bb04d4de4eb.txt,2666,38
a31879486086077c0acbaa1699b4f0bd.txt,271,7
c7af3b4651785b05653b48483a4868bc.txt,1306,28
4ae3b553a1818e6164cf64f1d3a5d150.txt,995,24
e9c7cf81c9f4105ead96543adf6c87b5.txt,1412,31
3365f6e38f14031186f7e295a4bbec21.txt,2540,84
0ab6c8fc3b536eb2ae3d134e6f3d67c3.txt,2262,46
8c27ff2da92f748c87f794f0604a9c85.txt,1490,37
4e88cb8783a391a1667ba31a095df999.txt,2764,12
15529009ddfa2092e303ed3495780a03.txt,4339,99
c547a78cf1894289005359a7d2c2f5a0.txt,4179,45
76d204039900642a1baf020374262ebc.txt,2440,25
b9c6b94aaad1ab70bd3113d8f11659ed.txt,1525,17
239932af18b06dae362c0839b5f60729.txt,147,2
87320138722d951de61e17f04fc7d6ca.txt,1972,64
f52d335d4dc7cff11d9e44bb57315bf7.txt,1314,19
1a14293aad36fc65cd613b7c1122980b.txt,844,21
f370d5615b911aa089d52748d6adc621.txt,311,5
38f24eaee75261da39df8810abc2de43.txt,2410,47
fd4a88f11e75cf77ab431be1f6aaac6b.txt,2125,87
6dde456fc84376b28b62a76fcf8c3a03.txt,1816,75
6e59997afd68bfb98550a72c821cb3e4.txt,2186,39
b227d3f9f50cf5ac404c112a29777c4e.txt,135,9
d43f6652b0c8736c3c6972dd245f952b.txt,2308,21
9dabb1526e88965a47cd2a94b0130e48.txt,496,9
a86d0c6ffd0caa8b1ab979112ca7708d.txt,2227,90
d4f4aca0f1c0fdd339cda5fc7b64a0b2.txt,3875,86
ddef21dd8fd26089e429a62163adaa16.txt,2923,70
e2ec6735a193b300906e7b0711e89d4d.txt,791,21
4a5940c3e2c232790bc30c2ee025e442.txt,1753,41
405cea1d5577059a15d27c238dc181a7.txt,2034,48
b7ca6426a3ab82ed430a834d1c2448bc.txt,3660,103
a1fe2e2782a576da83084dfe43cb73ca.txt,1348,23
ffff5f0602b52947c95001474fd8dc0c.txt,2302,73
0701caa356a8d9fcb460241c773ea540.txt,1483,28
9374557892d200c0292ef2ef48e79fed.txt,531,13
4d0409cf01b8dcdb7f36b3506796a579.txt,1815,33
d8068040db03d27067c8740ab8f97a4a.txt,367,17
e61e0adaf98800888d4a54cf8c7ad99a.txt,1534,16
468ba96b3e39f7a04d90c493b1ec2f59.txt,3836,71
bd7d370890190489cd87fd6468b3a310.txt,1400,23
6c3a28a0ba75fe03314457b6d0c8db4d.txt,1219,43
08bcc65777ee007b14e0a349db223b68.txt,1501,20
e152e5af8c58cac3ebb9a5274787a1d2.txt,946,13
8097a99887bf2f1261861f76df1b1d0b.txt,643,0
04ce8b7b190bc6c7d1be300c56aaf0eb.txt,1269,24
c0a5c284124b7d311bd8199088956ad1.txt,884,20
503066067e5c0a8e1cf86228948d87d2.txt,5242,115
d445d5df175629416e6fbc2b3d394d8e.txt,2382,15
28ca83be510bd5cb6243d9388a4aa9be.txt,735,26
20255be0758d7e13ceea197b55d63216.txt,675,7
93ac7d176a310f61fd1f369c56521cbe.txt,1427,53
2b2f11d6a892080cf64e34cd29781eae.txt,1972,43
b0651ae01be11fe8350ebc43eb8c956d.txt,590,13
7ebea27ff90be8678581cb15fa2bdd88.txt,730,17
3cda13b1a3f2fdc1670663323ae7caa8.txt,4207,92
3c09ca3bf0b9406af495fdc69b9f5748.txt,3353,102
68d23ee82e832504ea1d5421c4dbf836.txt,3738,138
a9f93acb73393251ae80147476c2a2db.txt,2326,25
feaf40d75b02d36fd88288395c97d007.txt,1404,36
c29541c430ae4bc9364d429bd84695ab.txt,1343,44
c201566d3fd1a6fee415524457f53d91.txt,1155,22
5a4d77209a822c9891cf91c6c55d2929.txt,2414,73
9df6063cdf0f20e71597ce6818e9e7c3.txt,3758,111
4aa220f2d00e4f3c763b8bef43f520fe.txt,2056,45
35d9e1beec90f4c8457f19c444a247e0.txt,717,15
5845d100003328b51b31325528a6cb85.txt,5559,151
2cb0e68cfb0665f85008ad7fb2e866f3.txt,1339,8
c996d887dd0f83512f95eaeff61d4ad8.txt,3392,102
d4d6dc18b423b42e3d3bdb64ef090b1a.txt,2289,44
666db9db0d9ac26341ac238021a4cc84.txt,2260,44
80146f0b6fe1a158fd7a4e4b4c26c46f.txt,1051,24
5b37a592cde023e87c1b087247287b8a.txt,3153,86
0058a813cc25d9b7c966de4d487542dd.txt,2338,43
066d7f4787434e842599c923a3f41cd1.txt,2500,61
2815b988a6e44f1c632d9da14b84ec8e.txt,2235,24
b6a9fafeb97dbc2f09cfe369449990d5.txt,854,17
953c5eaa0d8dcd0976ad5daa228f3813.txt,1576,45
943c319d023ed2c4acd861f1c47ddc71.txt,743,26
f74406be84c9e889975976a4174af8d1.txt,513,21
b0b860cb374affd09df45ce639fed712.txt,2330,38
cee0f3795d95e357dc29c7c757a948ae.txt,1965,35
cba26af25006bfabf56aa7a2fcd3f880.txt,497,18
5f76b73c140d4087992149ada8334123.txt,1437,12
c56ae859c5ac5b6cf6df5b10d67be196.txt,1316,12
73f70b4090e17d9c2435c353f0ad01a7.txt,2051,24
ca650455d0d4eabaa6defb20b5df35c5.txt,3021,75
d1985c5d8154c7f979236a7052e20adb.txt,1753,41
24b51fbae8816ba9b44c9e6c99a885cf.txt,2092,44
5cd09c8bec2d2f56a0fdfac0c9eb1086.txt,1568,48
7741dbbe2d76a411ef899b81985010ae.txt,3657,61
811eb41e2b5e5c85157cece5a80e7f09.txt,2714,65
e81f415e2f1cbe66f30014135e7234be.txt,3191,120
98eb788213205f2a262d6b942ccfc893.txt,2143,28
e6a2fe76a0631dad5c9e5989b3238044.txt,1697,8
07c6db2644f9a23df6ac41c37d6172ce.txt,3703,74
6a4573e09dbda5255137246d5a33baa7.txt,3674,76
6aeb3d32af74a72702334dfa4241a3e6.txt,1149,19
24504e244d03a9f9f31bf47ca0f766ca.txt,3255,78
a5dacecfedfd7fb34ca3ac5026db89c4.txt,3374,50
7dcec5aa7a371dac961084eb14056a43.txt,2886,76
4de668398f880bd5bafc200e1ede47e1.txt,1251,26
3b566df5a5c456deac3148e706d705e5.txt,949,13
a1d9697046e7f72da372e1d4368975ae.txt,1090,18
e0e94e13acd9d2c40ce7af1977ae1c10.txt,2411,50
404af93088e591350ad8522d83a02ef1.txt,1636,41
9941a001926871b6e91e547798148008.txt,3400,97
263483c2fa76dfc136e80a6c32111fc7.txt,1760,32
b2e455d7280120b75a8459ab369c26ae.txt,1519,29
ff01473bb3b7df709b32bd31130c8203.txt,715,23
71f4e7b43492ad67cbcd63aa97361b08.txt,2218,39
91d989a4d2f4073b962cdd66a7c54f91.txt,1664,71
ef0d93752551714bf432138a2c6e0433.txt,422,9
d0074e061bde492dfeb6a96e4212009d.txt,3246,52
c578f1d2d79fd81b8ea599d7f7e2e7e4.txt,2733,38
44850809450157a9e69ff048c5d5342e.txt,3843,65
937853a63d9a15aa3eb61f985bef8277.txt,878,8
9758296aa542c5b814da28ae7e15d2e0.txt,4514,86
b8d7866b9bea865b888b134980a054e9.txt,3374,50
8a918800983a88466d25f42c4c010d15.txt,604,19
2af32c91091403364d4433d7d8122a66.txt,2021,49
ee0c96a98968acfe38bda8457a7068ce.txt,269,2
be3b06da05155bbf1eac577249f209e3.txt,2491,55
0763f4e6ea44d5e581ecc9d26de1221f.txt,3088,111
d60c2384fda980c9592d01b853b9981b.txt,2919,50
af5c5fd070266a8a9068c7c96ce264ba.txt,2265,52
81b419f6e6cdb39505e92128c358fde5.txt,2193,49
808aa738e3a3f4fd33cfde79f2c9d78d.txt,1187,34
0a1368172d609bf64b5801e6e30327f3.txt,2832,52
e12cc1fdddf1f852a30b0d6232a14246.txt,2412,43
2f877af194fba44fd9168dddd1096edd.txt,3363,32
e7254ff72ef4bf85f883a9c175b53cee.txt,3325,49
c53bab50b5740ee4846d6aa266b63b05.txt,820,24
6240ae23f7cec2b5795fdc12386fcdea.txt,3600,57
9517497ada63405c66e381281b80ddf6.txt,1769,28
38f396e330ed623510da7c13d67587b3.txt,2263,51
74c9bca82a0d29829c18bb5ba43a60c3.txt,2241,44
1084bb96d28267b1673d495577167ab7.txt,2081,60
5ec70c55f10ae97d8a8e6ca6d2159698.txt,773,20
3c851af73c8257d0ea93e709e9c75791.txt,471,20
5dda416852db7fae95b7a981f014d68f.txt,1813,40
c1798d1610d6342e29a09a9139dfeb0f.txt,2338,62
12b62e67c40d15aa3f4a041b412d3559.txt,586,10
53e9c327b5d29e0a675262b8301bee0e.txt,2790,28
b38871b030361e3860c6bcc05439becb.txt,3475,135
16727b2117eae1fe77e6a603b4f70f04.txt,2040,23
5ce77a3d9445d9c85b6db09e7a92f9e6.txt,1949,78
97f8273e0175ede94d7e862fade4ecc6.txt,1150,24
01ecdc4cae582af7f7dc4931b02d980f.txt,4503,95
588aa24c7a62c62a0186da549bbcc296.txt,188,3
1687794d84a92584a3080464728ac739.txt,1290,11
da93f5b9aa4fc338da9f815b1200a6c5.txt,2957,101
f4e4e745992652b57e8869d9b278e20a.txt,2433,53
87223941054198370db129c398d66250.txt,1894,63
6d1594ebadbb06cddb57f95e4a94a833.txt,1424,43
017f3331482f2bbf33e60a7b53022711.txt,1949,12
b419fc1b35b36a5b847b7aa93c78c408.txt,1714,31
44e5a0bb4e1e53c6fc4da198e89891d4.txt,1408,32
c45f77af8dda86447a3f6cf9d4a579e0.txt,3109,73
2e6ecb39f7ce49a4d3d094f09e05980e.txt,867,7
1aadfa37f5da799683582a1d970c2d00.txt,1772,35
9c9d0204840a931faba4206aea34f28d.txt,4389,59
2ab37fe36f33810f9cc23d1e222afaad.txt,297,13
6bece7e56beebb265598703de376d4a2.txt,468,3
647a9e5e1ce91bfa468d53bc7900c3e5.txt,718,22
1bea51e868c7b3aa5c80ec358f5ead70.txt,3339,60
01f337989b37c3dd765f2572745c3399.txt,1797,23
81c0ee00ec309b20be7896617269818a.txt,2481,57
f41ba1b35021ae821c02f159a040804d.txt,3133,66
dc809ce4ed7647191c89c96a08c1bfde.txt,1250,25
91cf56ddb3c6ad900a182ba164a4036c.txt,3449,69
00725c53a59588689f994ecedc21c5ea.txt,3052,91
32aed855187550490454e4343c39fcc2.txt,4483,96
af0e1bb440a9a0476705e54d6697e19b.txt,3605,46
12f1c2aa90a3506e3a6d348def842538.txt,3806,51
18b0b81b6f574fe19dce5df57b4a77af.txt,2374,33
018242ff163c0182512c7cf082604051.txt,850,25
47834ef753b9e76145f1c4760cc2cc8b.txt,2282,23
fcaa31ee7206b69aba004c908da8a746.txt,1061,16
fce737d0bf143ac98be4ad0fe12ac97a.txt,1291,44
d40d8f419ff6b077445ce92f005bea7a.txt,2461,62
7978ed961cae3bf34589f1924027e463.txt,511,9
eb327e4553a64d8abb09e7b32c588abb.txt,3736,31
4b5acd64277bf3f2186cc04d33abdc63.txt,3466,54
127a5194fb586a22c8601b6e6b7e542b.txt,1603,20
c99ceea468aaf0384aff534385de8e1f.txt,784,29
00fed4b3eae3f8b81fa7b02674b3d921.txt,1908,48
5fe93998257bcfd8a171a0cc295e9c98.txt,1225,25
c0b8591c0ea3c3c3949183450c191d6b.txt,4256,130
45b56415fc12a3975e833cb98ec6eded.txt,2703,92
e20ce495cbd27d20b86e4489b7557de4.txt,695,18
bfe73198996bf78c5db040617167c26b.txt,172,9
bbec824a6aa187a76824d52a07cd7a01.txt,3213,135
5f4f362bbf03581067c857ff01fd8972.txt,5445,79
b504a26e33e56c14d74da9a3e21750c3.txt,1332,5
eaef7bae82a3ef25129d8e375a6dd110.txt,1990,36
9f26cb0b4247ba6e2ade858e61492260.txt,3244,74
7534658a1ae9c000d1eb6617c4cb7309.txt,4468,97
d0b490e4bf0bbc93b8cb5ed631ebe8f1.txt,2589,50
afce18c312286af761dc9b9c7a1557cb.txt,3694,24
58098c55c9f362e4c1e8a3eba614ea19.txt,527,15
b0cfea53763303b4619bd914605cb7ac.txt,1320,25
1cc7603663c9c02c3724f780af464f67.txt,764,14
786f14f88975661e23f9386f8382612a.txt,1091,21
13106098059c18e5e91063ee50ed9e89.txt,3779,80
25ee1df6bd0846b3f28d0eb0366850dd.txt,358,9
88506db348a5eb85d3c30bf8dbf3ea22.txt,1300,28
6eda9fc25f45d06b964368e0c9fdb2e9.txt,1491,38
59b58c4b683fed069c9bcbc4d848193b.txt,2212,54
f3b1ba2b6c2aba7514c62db3b2e966b5.txt,2478,40
00e48d2d718f9811ce8dcf68f78edc2f.txt,2132,51
aef3c0d2561909fcfff0f2a99a417503.txt,3225,147
5830b08acbda223d5b155d797c9a8a43.txt,1227,7
03e4f75545c0bcc44c573402f8197073.txt,3743,64
6d92cda66aee126f83c97f9f1f32c70d.txt,3959,78
7d1a36dc2776f38e8d4fb49fe2963d89.txt,1203,26
252771d30230f8ccb13161cd665c84a7.txt,2604,65
f7a98af6e8276a211b5b4db594bc9149.txt,1815,33
cbfd6bc365e02957408410433ffbea12.txt,1812,34
204fe740c29785049d107e1d4647c54d.txt,2003,8
0a09cb4043386657749a8001a655a0f3.txt,1216,21
382f3ea1b6f3b60b466d7f12a35f608f.txt,3053,40
21ee91fc21d4d41e0b3c61f21739e774.txt,1364,23
e9a0d769f2fa48dda6e73f7c0275c00d.txt,1591,40
bdf8d49f9ca9bd67a088fd8443cd9440.txt,1247,44
67d5b77968bdd21d8641cd6c370ae3c2.txt,1555,41
42fabbf4c7c965d04a36f5a1b3b38b69.txt,4135,92
3f733d2ed87c4efedbb46a72d53d6890.txt,1376,34
207cf39bd679b20eca12e7ae5334821d.txt,3846,123
387abeb9fed703f96a84b81676ab4814.txt,2312,68
855a86581d9d6dd88cc94d33ff38939f.txt,2262,54
0a22c9a05cc0c9ca3bc37f146d45fd24.txt,5122,116
a26b9176929269d396144e4483151e0d.txt,683,5
c1729900876cfa06120afc4e3b7f56dc.txt,751,33
a08ae4c7c39cfd9ca9958ddacd9be8ee.txt,4256,117
d120214261100898faf8923883fae558.txt,2674,77
8b1ed08efc732ef2f08eeab23a5e5aa8.txt,3661,103
01fc0e4fcf291ce07ed9fd70805cfb20.txt,840,11
b8ecab9228cc8c9c00f4f027561290c0.txt,1626,47
97d5da11d9e061c981e82ee7ef508d1a.txt,3134,77
b99adcec5b4865aac979406f3f01da3a.txt,177,6
ae129759853aed5f4f9fcb7967300a1a.txt,482,8
f811752578958747366ade4bdd5bc08b.txt,464,8
e72d467f2fe654422cd00f6c1a776336.txt,1167,22
7a52b7e4029e179326ded62af6d62b1d.txt,991,27
3c2e2b2cf764dc382c3393cbb70254a5.txt,1910,67
7de7eb0bea9d1e492a85452c9fbff8a7.txt,1353,30
d9a1d50a02d7b98d74dae973940f757e.txt,235,9
375921523e6fabb9efea36109286fbc4.txt,5046,82
42431d74807e1a79c00cf0335ccb78b3.txt,2093,35
75a908a1d8e4c15a2013436b9b2a71c2.txt,2429,37
58a1d2dabb43f7ba87b2c22667bfd02c.txt,655,9
a5e60c6c1fe8b68261191b6f8b335d19.txt,2500,72
30fa23383591fc09aeb81929afb93071.txt,848,32
8990970dc55d68709dc369c9add323ee.txt,330,3
8a027808c170b1587c63a87c8fa1bcca.txt,4276,94
8f60d7a9a8c47361a6145183e73b3e00.txt,731,8
37968fb8eaa8f5a3b4685ab9153669c1.txt,1083,26
b48dcf1e0921d9e8553167f2c483ce9c.txt,419,19
ad7aaa87838cf8bdaa54b5855eb614fa.txt,4165,95
80bca59a554c9ac64cf166f069059f3b.txt,1769,26
6c555cc81145ffce31f9092469918664.txt,3761,57
07899175af935bf58f7ef292ef483c51.txt,1800,32
139a86437f29febbcf1d837abf308d24.txt,714,4
bf1b8fe5046486eeefaaf9c9033445f1.txt,4913,109
bc464f421fe0fac5c131e39482cfd11b.txt,4073,82
823c4a7134fce74de8a1bbabb5c022d6.txt,709,18
f28ad98c821fe437b44b51e3fa86644a.txt,394,8
74c5ebc67bac047fafe6ba7c14e79c5a.txt,1943,30
602abc0a12aca64321e9778592f76037.txt,784,29
937093b85f6b0dff596b1bb9bdd35238.txt,1154,2
4143b2eb2698fe1a230aeb9452f99296.txt,2785,35
96467fd1bb6bad3a51bddb45f4ad2c1c.txt,1865,40
269ec6d7957eb236aecac742170c80d6.txt,3875,62
d2670a8f3761bbe48df3b181196aa827.txt,4932,73
715b9ad48309652eca1900a5a8a8fefb.txt,1224,22
50a0fcfdfb6f9b7a18213cfb256abcef.txt,2245,37
1acdcc9774c96b3de8df8dd0b2058c76.txt,1308,52
a52b82f2f8e3598f9750af77bdbe581f.txt,1421,32
3bc52391869004df77e0b23f56b812de.txt,1509,43
3a739ba2f0e6f9142dc91343fde7b439.txt,3818,145
5e5f74e9385accf53773de672196cf0a.txt,2446,21
097002bfa3de3d930c144330d8492399.txt,1384,44
e7ad2739125903ec994bf78a8cbc6a62.txt,3197,93
2e0f61436a668c5d10d95b9286ae3847.txt,1217,20
36a9bd0ab54ca16c8180a12da975960f.txt,1057,4
ce1728f6973f6ab426c3d046775376f2.txt,1460,27
e361a713d05a9db613c99228efbe42b1.txt,863,35
6213b686a948bb6989b044332b712be9.txt,1701,23
12584e190411e3d0e95d37876b4c1272.txt,1747,36
84975538f16b3277d31f1f3ed115ef02.txt,1583,18
2ebecb8a3af76f65138cbe039a320341.txt,5001,123
3a0e8ce9f2aec3fcc17f1358106db0af.txt,1831,29
5b80f524e093758e4b522c3956f89ef0.txt,1459,34
662b7d19c7119e94493ef1ff3f980c1a.txt,1857,57
fd3b901ea8a7623c7d3bfff6bec41ed4.txt,1327,14
481fe5153c0c037c9fbb988bb6fb9213.txt,699,21
86310d6a2ec819d4e51268a35a383a14.txt,253,5
e549b242d7bd72f0592bbe1b0c23eda4.txt,539,4
a2febc8e3fc910d6b52b837c0ee5643c.txt,813,11
31036b5147fd1b973e08d1be83b3c5fc.txt,3870,120
e646c33322e3c2394cfb9a042e3c3038.txt,1245,34
a2fd7483c26e540128351c6cdb0889e8.txt,1937,33
c62b1af4bc7683a6f9811674959fca4b.txt,478,8
d567ab681c5d821e8d3f3fc84aac7e2f.txt,1546,19
618f2300b9ec1a7a8c69fc487eacae2f.txt,4335,103
2750a862b1e9b5510f26927c320c7d55.txt,1585,37
32d7af2479c18f11e649392165ef94c2.txt,3160,102
7acd30531ef728d831e68b3899cef5c6.txt,2919,50
4843e4d3fa5ebeb9f4dff1708bb99c9a.txt,2420,30
81d7a7d5510ede5a2785ef3450f4fab2.txt,276,5
92e2b9a2322777922461631e0872cdbf.txt,1277,14
56c28bd2af095a67011339fd9f50d66c.txt,3642,80
c6ad0b82564bed2c6fd223d4f4ee86e9.txt,2390,43
6a8e1b959e9a9f9e7661a34c0deb1653.txt,673,18
f979ab96afbc24febc8ac542b918be11.txt,3189,79
0bf726ca4cc09b933d96e13cbd6b4926.txt,598,9
f11bc94257c526a130105c20cf80e9a4.txt,2861,32
7a494c1e1af815978da6cf2ce74f14a1.txt,1175,33
2fe60c5b592eedd801256947b4464918.txt,882,26
291304dbab199d3c4b49ac9192697ad6.txt,3830,103
e75648d3ebd419383de2d8fb8bd89aea.txt,4187,26
28b5f72b8bcc1895f9e45e56fda295d5.txt,2972,48
f4ea1339052bc84a3a1e2957055aa3b3.txt,2765,65
814ef5e119c9a3d5755af38c16a4755f.txt,3688,93
326d77a287c600222ed9d5c9c31a7a79.txt,1977,70
f773898044971e8ed70c951f9a36f2c3.txt,1935,45
8278fe3eaec86c28fcd6cc2ff0185ace.txt,2143,39
421fc75b2ff16de321c6ef7b9637b039.txt,1114,30
9db51fee554d227b89b7dda6ef11d6f8.txt,1191,38
dc347564c3a1e1a173f68d8ff8d41985.txt,1440,43
4d374f1dc002e482b47d2944f26dc509.txt,1294,44
a03c410183346518011528b711cb5622.txt,1311,34
f1f2f20c7e5b7a94b8d007b5ecfd9c28.txt,2014,71
89998ac4746a93cedd147b6bddb327d6.txt,3211,97
44a2414d0c99512b9e10f07da3094466.txt,2302,28
5e33348126a66817fbce654b99fd9b70.txt,4944,115
b86983ea4231d379274a288dabb50f8b.txt,4042,92
236866450461c64368d71a992529d94f.txt,1631,60
a81194354bea65a7d791c61a2b6d94df.txt,2310,47
e1e7a58fd82e7fc73a73ebe482568a49.txt,1338,31
3113ff50ff3e588c855c535d1872b25a.txt,2194,35
325846ac162fba04bc24386e6ba581a9.txt,1342,19
f095f2d42d37b26e7ff20d773f1d4ddd.txt,294,8
b076f2d3c671ec246f4ec0634adafa05.txt,2027,41
c74db5ca52d6b1b597047dbeb2dcff2d.txt,3012,95
03d7aaee0300f1ebc1e3e69b29950901.txt,781,30
0c6c6d28bd666280abf3bdd55cf161fc.txt,2632,66
e05bf5913f3fde82b0898d8c436490b8.txt,4074,125
4f3441473876e2ebe8b437e2482996cd.txt,3341,55
c1915aa31fde81e3748f9f1fd983135f.txt,1490,4
1ae747e96b91a864a1a9a0022cdfa97f.txt,1638,20
4e0382056b7ae32f75de8d414b12e968.txt,3562,75
2f95bfc435ce36c0566b678e8587f442.txt,5956,145
31f47c63ed45a5ab23c2359a9970fc1c.txt,114,8
a3f4cf1ab8f090933fb1d911f56f9132.txt,1656,32
b77848b1cafb79cd63a6b2e32ffa1d02.txt,992,9
ac7feb371a8fcb3d1a30fea53c6d99d6.txt,1390,44
f29787b9bf801ef93f6fa0e48875d4a6.txt,1300,20
524429c0d3fde339f4cc1bd71384cca3.txt,2090,41
2426b216b1b670962c7574f8d1787aff.txt,2611,82
34c456acadedda93daff037fb82ae152.txt,2658,62
029943ceafd9b6a7909cd1822aa7030d.txt,1306,34
7b1cd56278066e44271d7692fd69d2d4.txt,3634,100
d8c5ea6e9f3640e86500986778343625.txt,2461,48
ff70bd5745b90be577ffe2d75d765366.txt,4290,120
eda6103a90d2b50cd628a0bd3e8e350c.txt,666,10
b4f970dc4d26429fdd2c98db36def1df.txt,2932,67
e065361cd3555f931c995e3f854fca83.txt,2502,22
b9adedc9324b3574e0d450e07faafc96.txt,663,28
12ba7b72c115f46d687742775225b1ab.txt,4530,111
87e003a85979a148d6692d955e7b64be.txt,1710,39
100db7dfece68236155d679d929414c7.txt,736,21
fa28af50cc05e63b01bdcae8e025ba40.txt,3087,64
e739b8b56300ed1da49a880485dd5c35.txt,659,23
457122f9c6edf71dcdf6c6d6741e8fd0.txt,1278,47
c989e08ba4467a7b6b90ad9091cd63f8.txt,2103,45
4368dca39f66d1a03b471b1f544b498c.txt,6520,122
15a4c79ddd611631a8adc3af965e683b.txt,303,7
3de3ade2e28341ad8a88b3d8f8e53988.txt,3466,104
e2acb63799b1535d5f2e819c694ce028.txt,319,11
34df7ab510095350515da72ee8aed4a9.txt,3946,72
5bc1cb4cb33486501510fe1b4c0c0c55.txt,2352,35
a74c5fb6f80a78f0ed0da7ab10d4b84f.txt,1029,31
30b0c49ad23a7578f73d8582b262c829.txt,167,6
aa83fe759678d7f9ca1d90f8f1f5d3a0.txt,1645,26
805f2c76f77116b757b0e40d193c4f81.txt,1371,19
62de22bd0fc0a6b31ae4c8b506337739.txt,737,28
eb3c7e070447aed2ade9b322f70f744a.txt,1514,13
ad06036d65abd0665f1436cf13704268.txt,5224,101
4b83be54dd629f4abf6ec36a45d0001f.txt,2415,71
be6175ea4ec988d8e604b9aed90d1c9f.txt,1631,32
f6e954f7b011cfaf703ebe4dda9322bc.txt,4624,100
bb6e34f9c6c380dd75a5e3a9c5a99e5f.txt,2045,50
983bfd2f5c09bd38b860ba86fff14fec.txt,596,17
4efc62477ebd1ba7a7780edd1449c6f5.txt,639,15
661a73c271b2550c8aa54695e6e343cd.txt,2590,29
a1fa1129410e1464230f7daa9398bf6e.txt,3540,91
6766171fcb080b01a88caded994db4f0.txt,1662,45
597eaa82013548abddf731c9091bf933.txt,4457,106
d0cbaeb298a9cf8767bb01f328fd6b8d.txt,1087,49
b93337858385750be9118f9822560dd7.txt,534,9
77b4d091dd5caaea91f0acc67eab2dad.txt,460,4
0249bdc0dca846186831d717b2606217.txt,2747,98
a1b4fc864dadf8cf386f98db0e67cbe8.txt,553,8
ef38f839db8ee70a4ecb7f74db903bed.txt,1645,27
b86c7f76aad1c3b5eee10b08472589a2.txt,2556,43
08c3bb0ed656c107864b5cb6d98a4f6f.txt,1128,6
bf7748e6fa744f5fc5a764ebd4e7893a.txt,3354,85
46cbb0a696de60cc5021754aa11efa84.txt,2142,83
0ae0f411ca39721c7344a338e13c0644.txt,1160,35
bcaa72a4041811e2982f2c9bc84a333f.txt,1935,1
196bfa946126c6bb055e284d125faf42.txt,2912,73
08b8eac311ddbd07caece74d23a45966.txt,2909,41
fac27b887b83a25e6ff07cb0bec7479b.txt,1975,26
50547185c3cb806e3675192436eff483.txt,1377,51
c8dceb28a873deafbfee37c3fef26a07.txt,1464,23
55d8c46a23dc5053f12bf76b1d106cd0.txt,2317,45
7301063ecc20dc30d1b653c7cfc18a0c.txt,2314,67
e3ffca192c4039bf1f95af8fa84f60c6.txt,2355,8
0b74109c95f36a94377246e9e0e87694.txt,1424,34
2ba8f56f39502e358e59af67f7213ee2.txt,2065,50
60879fd6303501c0092c8c82664af4e0.txt,5693,98
f75f197bc6efdf7a64b0297470e73fec.txt,3329,111
c1fceec3dbe32cae9f63d54f9579b6fa.txt,1459,20
d2111f4bc0f6534ca118bbf6592e0e75.txt,1623,56
eabe26e199feb9c71c9df4dfadefb0b5.txt,2142,46
5525775e9384dddbb16ab7cd6374fc14.txt,2578,42
48af904fce091a6f03c648f55019c53c.txt,1010,20
37a3eac8705674360c7ad0656f417cf2.txt,4959,140
d25c0b0538fe4a8d5d97b40fa21bbfd8.txt,1559,35
39c080d2e86c1e85522d31ad843f8f11.txt,1312,23
d063c01ced1e4214bd0bd7a4b47ac0f3.txt,2625,43
8f946d0ea453b1fae5a9df125618170c.txt,2281,54
32526302aef6fc2f2543cc0bd6a43f3b.txt,3118,58
bade085059dc7e7999db0563dcbc57c8.txt,1314,28
2ef84bd3c404bb33835e06211e6053d3.txt,2777,101
f4a5e3c1da1acc16ebed7e57860cbdc9.txt,1297,58
7ca9ba6ecc177d27b3fb44edf78aa82b.txt,1007,22
032c95ae9bb6d5142c39ddacbd4a250c.txt,628,18
28c4d02fbe92fa84b3509895d991d186.txt,1383,37
826a93c0e929c36b3c5ba60f711b2365.txt,844,21
30b182564d879d9384b52902f82eb031.txt,1786,3
c726e662792200002592abf16fe50da8.txt,4490,107
913608435128d12bc51e13d13c1a8c09.txt,2186,52
df7995f371d8bb0af6715181426279a7.txt,935,28
b7a495f4ef622de53f27bac6cf82b1ec.txt,1111,27
913760f276fb517633f4f5dd9c1c1345.txt,2722,28
4637574655d9634c37dc962b385c960c.txt,3380,67
2d02c40e466b929450a7c80552bf6d34.txt,1867,32
b327f66a24dd4aa4c17fb0d1fbf398fe.txt,576,10
2c399757a2f9d3b61770c1c072df1849.txt,827,16
ad43d6ecce85f79bd88becc0067d13af.txt,921,14
0ee8cdbfbdb90741e716b8ae9e35502f.txt,2658,22
987eacdebcf7fc529ae07fe782dd9999.txt,1170,29
f3937fe22a94a4c6297048a6ba4a47d9.txt,3246,76
49535dfebee2fc815c1c15979a108259.txt,2147,34
8c12194e79bedf046f7b963ac2c1166d.txt,1343,53
6bbe99d62eaef2c7dd1f3cb5c723dfe2.txt,3788,68
86dab3e123d2e030975a1e62803653a4.txt,2404,47
ef3a7d41e9d50548ab8dd236c5fb5107.txt,1656,27
147dad7a5dfa25f5669d7f7956a917fe.txt,1324,25
2d55efea5b5d02d8ebe116a7387deed8.txt,3644,91
03fb14ad691fb480a881f84fc2953085.txt,2801,56
fa14c14ab6f68a3144e2d7ea7073f234.txt,2451,45
53fbb4a85030a2f22d8e0acce2313866.txt,2294,62
00934224e5342fbf113ddcfe43ba5513.txt,3230,50
043e1b32f4751900d59d72f4ff6a17b5.txt,4685,39
23cb7bc2d12d05a2a7aca2e1d85c5a0a.txt,1678,36
9e2c64efb266a583c9ad1021e5d002d9.txt,2527,65
b3e19a2b9eb58922ae49af043af3322b.txt,2083,24
411282a8ddbb8d1dfe19668a86ea99ec.txt,2685,75
6985f2f5d295ecda4aaffd13183f4d5f.txt,1992,28
27789141601063df226cb44f7f1439e2.txt,1328,22
2f94a2a2afc8c3b50a6452708938bd29.txt,1404,27
2613298a7afe94aedf8c64c8344fd3bb.txt,1324,21
1c328814520d97b19107888d6a82ed03.txt,708,7
f33e7add995dda73b7d2903ec7ca9369.txt,902,3
76db37846635e34d5f06ebfa4d8dc5a1.txt,335,4
c85fad9a5542aafc50533f245e204ac8.txt,448,10
efe42ab9abe2a9b6f5489f28ef96cd4e.txt,1337,27
fb1d1727ab0bed72c3f70a987a1149fa.txt,1625,21
c230c91daada9a2a65ca362d52781be0.txt,1300,48
2eac77170fae0f17ce520450f271fd93.txt,2422,28
2350fb286fdecad4133f0e17c19b6c67.txt,715,17
841cce9873bd00d842f6c29b4b331670.txt,4047,65
7ca39ece268decf0fc291ce6b0034b7d.txt,3975,72
913b815c123196eb5749236a291b4cc5.txt,3427,107
d6035b7b6ab7baff86c3d23eaf0377cf.txt,3383,123
c2002089ce29ca69367d6a5911adccde.txt,2734,47
75c867363625c50504d0f1e66e1dc5e1.txt,728,22
40a262f384dde62c7eb9fe1609e25262.txt,2163,36
9ee31ef97abdf2e7e3dddc5483e37512.txt,1449,36
f96229dfc5a2180c90b4fe0a512662d9.txt,1920,16
f816b6bb88777511ecb64cd7385c6867.txt,2197,30
bd092a0c8a8d5a734a8a6b8f0e66e825.txt,1291,42
23cf4e8c33f3261e3c48f3e0ce8b686a.txt,434,6
e8c4087bd15a56e8f1c1416720ba616b.txt,607,13
3e29266cb151dfb4fa1c5cf2cd6dbecd.txt,2139,55
352cfa1c9ccbc20a9b140797c9810b28.txt,1490,36
ccd4305f2181b5dcfe0cb28caa260294.txt,3877,135
14a916a5362a1c590dcb1d572f7b5f6b.txt,1759,53
013a8a6410aa249f918f1c07cb84bcb3.txt,1385,34
f54faa011137356791517bccc9a5b2ad.txt,3054,115
39f8a854ce1472cb8bbcee01ba66b9a5.txt,2537,45
b13aa09457237d6c01d55c47ba37ccad.txt,253,5
76eeeb426c72748ee41b6e8873f05c1b.txt,1888,54
fdcc45ba105c480d587427f8c56e40fe.txt,4386,51
2813992dc0f1cf90eb0d01bc80a0db22.txt,1385,41
1b78847d43d6de3c69b4d75e7c6f1288.txt,1350,26
5f55547c08eb09cf12015e5aaf3ee997.txt,3161,105
5136cda1b6dd7d6550a071223d601c90.txt,1554,54
3204d52fb5910315e7b29ee87afba829.txt,3173,144
4931381011abea7481cb3e2d5fdf00be.txt,1740,41
ef3efdeea6d07327449178b26a731812.txt,843,35
a3113103a5e945bd9d48ba8d8fc2160e.txt,591,17
cfaa19f83ee2b588f0ff6f9a302e7d9f.txt,2630,45
e1fa396ab86623e86d85ad7f8b979d76.txt,2948,54
063480bc7148b2e24ac46d9190717647.txt,1345,47
c381b015892de30a200cd9ef10a3c225.txt,5531,140
75c59130c7a620e7dea9262bfcd0bc89.txt,359,2
500a01749ebc1335738174fd46a5744e.txt,1681,28
58a2adfd8583d856d7f2484625baf927.txt,3827,117
f8fb4ae2ab486bd3aead69f6e1bf1486.txt,727,18
70fe387d3cd33c038ead3d1abf6bf1c8.txt,1380,31
b09cc72923a075d89e75bb81b929221e.txt,4506,82
86d1026e2ea918a7ab49a62bb999556c.txt,2977,53
53ce32fd2ed3aff7bca0796989878ba0.txt,3331,114
99eb30fa78408a8c9cbba09b8349130f.txt,1335,28
80135088bb6df91e26db1cf2c0933267.txt,4828,161
5659ecbbf26aa832374b1cc7b968ad8f.txt,2293,49
75de026c5953a9276bd16c21166f8551.txt,1607,33
dc1c9500aceec2496b487df610334859.txt,2515,18
87384314f34c3957e55a955723e08c32.txt,710,15
0f0b0b6b7243b4bdf82cf877fea3a4ab.txt,497,4
adf056678e27eb8c3d6e76379e2b27e8.txt,3715,68
7df4c6ecb81f11f01e3e19c635eec6c2.txt,426,13
1d012ebcc05e3cf3e41d1eca5c42ab08.txt,586,16
bbd8154ff8ca5fedb7572cdc51c53b53.txt,4886,83
a1d3b9ab7ca5dc0020cda648d449e783.txt,535,16
0875bd94d3225acbb151ea843830e8c5.txt,1241,10
45bf14408e0fa1ceee2e307a9b3659a1.txt,3396,81
4992d958466f3b0e3d5b7e46e86591ec.txt,3232,73
d98ca66fbf144fc2bd2c7d171a31c465.txt,3964,109
74dc3aee56858dc788da399a5fe4a29b.txt,807,11
769f033c7f99f26a4da669958c0b302e.txt,577,13
3027603dbf183c10bfee23792b3184ea.txt,1295,29
7ba983cedf5721135c7794bea272d2dd.txt,1265,37
61b6cb659a1cfad057abc3dfcdc10055.txt,935,18
6fa6497b7bb06bc986a285ccd00e7398.txt,3217,65
7c4fe0fe97a3aa9487032e89c416e8f7.txt,5680,89
007a31c3d0e62f0a28c84d22bb8ae9aa.txt,1771,43
138762a2496724f80bd98105f4b6ae5f.txt,1587,19
288690baf5a357f56d956d11021856d9.txt,699,20
3671b1330a73b3bdc8b35b9f12dbd0b0.txt,1840,50
7ec029d85c88b51dd93379193e89ff19.txt,756,23
0c9a7819a262927e770155a972cbc91d.txt,2499,86
7cfc8e151f5ce331b066ed454983a4b9.txt,1326,28
6644435d646da00f4bb71b970011c173.txt,368,13
7a9cdddfebff5c33cd387cc28b85e27f.txt,605,25
e5ff0bd20099d5eaac694ebff59b1a0d.txt,3565,120
3a20f6fc4171b66c94a7a1b393f0fcb4.txt,3037,65
acf799f5deee7185ceb216b1db2ec018.txt,1235,25
9a22982ff1a7c95f4e70043dce3a8c66.txt,4352,139
3f598b826fee530ce2487b3aa2a9a289.txt,2064,48
7eab5094de1971b7d277fbd693d15820.txt,1085,31
463950acdf1baab2f47ac410ecf608b8.txt,2984,40
2a010ea495c8ce31af351750382a3b9e.txt,2707,53
f7885fda790a66f401739317a87b71b4.txt,3822,76
ab45fc5e5ef64f4e5d41f255c75c31eb.txt,1691,45
3915a411561a1c74a7ca32b3dea9a26a.txt,392,10
7d2d8393b9560809c043e985420e6124.txt,2303,57
f7d683cc6257585d4a6ad3bb042c31bb.txt,3416,41
c058ae6e8c6e42fe0af38208ae74090c.txt,4406,75
1ae0ed025c9512c8a13cc1672bd59cfa.txt,618,13
7daa66f1a6dcaa0a544c5454c8ab8e89.txt,344,13
b8a9c6673fca2ca1af105c2f5fe90ec2.txt,1236,35
c0d56d26d0c7e1ccf21a813fb10ebdcc.txt,535,16
426d92bf552f2ef6729122a98206b0fc.txt,2045,25
676e1cce16d0315fd1384803587feb26.txt,2559,23
b50719334b7b961eafdfa8e9a56317e8.txt,692,12
5f394d78a8766cbc4f50a3d4e5c021ae.txt,2738,55
eae14f78f6a69ceb950573f7155abb2f.txt,3307,64
9d564bab51d49d6b2a75212dadc5774f.txt,3808,89
d7adac9f2a71bc801d788f582b5e13bc.txt,1512,54
a0d10f56d8e5774d1ea6bf29d0e1cdb0.txt,1844,60
4ed4f1787658e510d5ca0db29a376395.txt,2752,90
7d3f6cc5ef83d8ab6607714a409a4445.txt,3144,52
b9a5c259c8917034944ca08b7151ebb2.txt,650,13
d1ec0e1d41b2dce601bc15d6eb9d6124.txt,1979,52
9a23511432ba4edb1cba294bb7a197be.txt,2011,43
bb079c3a0355ea392073cc3942cf0624.txt,530,18
4e4f5f211b1a1325e0de1f9e0f1ecd25.txt,3816,91
b66fff80a0ae3c195ab792c7421495c0.txt,3166,50
87f187676111d6cf0963581a0757e45a.txt,3281,70
f1257080f9e61667062666c640ea520b.txt,3710,118
f344d23d61cf65ed65c4f74d06fc1dce.txt,3876,55
92b1835a50c88788ccdb84ff19013413.txt,2153,42
28c88d07d4e16de7aa3999da2a36f009.txt,282,8
349753f87544b285c4ad04bb358e26e0.txt,1842,68
7c79eee954e823d121b7df5a5d8db810.txt,816,12
836298ddcb585eb0f707924729706d65.txt,2377,33
1e5352912ad4d11a3b11b8f452ed758c.txt,2599,102
563c8ddc244d5d512973f970d14ac65e.txt,1466,25
52b49f84c104af88923befbfd8b85840.txt,1221,36
a0123781d1a30ff3c70f94847f741be6.txt,1883,46
0f96a28cc36cb2967309331a386527f4.txt,1883,57
878c95cb34c65570bb787056c121a2c6.txt,2440,25
b1e9973ba46e1ce76d25e0cac346d1b0.txt,1350,21
f7cfd60e741fa2d0036e4be89d728e0a.txt,1310,33
34aeab2fec9141edeac3b03a6c691563.txt,1528,40
94441a8c6b01be2090846df6ab89b472.txt,1720,53
cb3228cae14415b6c7a00460bd50ec82.txt,3313,41
61da01d7eebe251c943c62c11aa47fba.txt,1602,42
e469a85d8bba02b2c25489dd12d4a8af.txt,820,39
0dea277a7111e5b352fcf255974afd3d.txt,4185,63
a0ce28d274f76e0b2327116bdbc86425.txt,4527,70
fae7f12b25b6ae852b20e50554f5b0ee.txt,762,19
38dd0e8fd269fff874101b7fb77c6593.txt,1795,43
6cf42d1fff868a9235b6fcd235b51156.txt,640,26
b3765310049217c85e5864e6d9f3ab50.txt,676,21
15b3477d6030c991c27215032af40e88.txt,2528,66
3687dc65f47b17e8f5ae22f0a45f75be.txt,1329,44
dcedb426e5d8679d66b3f804470ea78e.txt,2065,96
071b0fb5c6bf5922d5c2ef88728c68cf.txt,557,0
26435815914d52b6d9a52f856b104a5a.txt,1878,28
76e71a5112b3f0cbba8cb8d3561a7ab2.txt,1799,37
18e9e6e8e9f846dbd5c86cd9b1a9b080.txt,635,20
82141652c5ea89666ac7b1b97715ea36.txt,2230,57
5f222de1d294dd2d91bdf39eb552df19.txt,3032,63
e54b6a617fc78b1f50e0d54446329d16.txt,4490,74
fcc681ef91f0a52e1fb0eb21dccfa627.txt,3105,130
c2ee8ea367861902e9607a07ca1e339d.txt,4661,130
59d98999fba7fb7cf37c4547106c5d58.txt,1311,17
04541563d6174ed7d99b351565e3a228.txt,3329,111
267713b6a50a8d43ab46ab50c615b490.txt,1772,30
9e2dcc60fc5c6a69a35cbc58b305b18f.txt,919,33
4fb085d49c0f8640c6edad245bfa919e.txt,1650,22
7eca57cfdeafa5650d52fcb00289b440.txt,257,7
bcb8da645154bba35fe962583a28de3e.txt,1738,34
d2d43d4b949164995e6febb4cc984337.txt,1114,32
4a12f2c25f65718b8964031910b75db9.txt,4344,131
2d6e689d135655ab4649108010fd0c43.txt,367,6
c7d65260c103268f74ba964b7a4dee2d.txt,2397,64
105dd6242457658c5b3253c2b89eabb0.txt,1662,32
9473c796fe93abaa35f5a75e44298adf.txt,861,16
616ea19455246ededb1b7247204e358c.txt,1942,52
42729cb05d410bc854f133aabbd84d0a.txt,2478,63
7c24c389407b9ad301527ac079dd36d0.txt,678,5
8496b565ebd6674a24e283896979ddfa.txt,1060,31
d4d1f57e7ee995857eb46331c6137f2d.txt,1739,59
10707cdbb64c3e99db76caed4ebcb1b6.txt,5571,123
ba5d19e7afac3ed85c40c60b78feec5a.txt,3116,110
795bec79918cdd3e7b93aa5a2e8b2304.txt,1833,23
57ad478d9c17d93a8ad6a39a70c65f54.txt,3384,82
171c131d5fc75f7786a0cff9c707f973.txt,1245,19
dfd5261a7973e3bcb3c4b4bd9a7256fa.txt,3530,75
97f3703d322f9ba1a9e331452bb6a38d.txt,4426,123
b07742fd965ffe456eeb5c533577fdda.txt,4024,102
bee12026d7c41f668815af154f617b2b.txt,776,11
d29eec5c450b7df7e344509d85860668.txt,4942,89
53a0906fb7862c35defdc4b813266f04.txt,2583,62
54e27c32c287ddfcd5442b9bb6296ce2.txt,366,5
ec6caa09e7b73a4270798b27ffef7cc0.txt,1221,15
e7494946cee8a8ab38d64f10f61506cd.txt,4405,69
64a73cac54fcdef558a9e9d44f43d303.txt,217,4
929a0ba3abc9d3d87dacbdeb0075023c.txt,1721,35
77ebbc1d5badeb4294c820e576e5bcc5.txt,2512,60
8bce0452d5c558a947888582db429504.txt,1380,67
abc44c21d0f89e3e451fc8d9a9a82a8a.txt,673,13
d0e0c179df62fd50b072d32bae9e5080.txt,1520,8
4785dd4d8e6c32204a226d423d74eda7.txt,1657,16
66b27b57007b033321bebb2c1c386a20.txt,323,4
86c1ad3544d1ba5ac5b5a3d2867eb076.txt,2391,54
0ae38a29fbde2ca576098fa8b8460e1c.txt,4146,96
e422ecf793efadc130ad998944d3425d.txt,746,18
0f4332985aac3293214eb34e0f53f544.txt,2153,49
49fb554ba5b81c4fcf56fc330e95b223.txt,2786,31
ee43d820ab702e8d99da476b2bd1b9e2.txt,1193,31
6f2caf6c8cb4374b997804a3d1c8913c.txt,996,14
767d28c0a158438001fd4b673bb0535c.txt,494,17
1ebcddd8c52b78c3a6ddfc28c74f6a7a.txt,488,7
9ce388ea78a7e471826aadbcb224107c.txt,1436,31
057a601903e812f6d8303bf298275078.txt,1325,14
df96f391a1a148282e133875ab9dd6e7.txt,441,4
726bf61ca4d3cfbe6ecc2b00bdf7f1c3.txt,3664,63
e256a05ad4c3d59d9b71e933a8b5545e.txt,2407,39
7eb15e070b5ab4d0f7bcbe656284a134.txt,2620,37
44ca6ffabd4a4d25235e676861ab1465.txt,651,16
98425da8a4cff77ed4745a0530c24740.txt,2158,18
9f59fc9e35c74170201cf4a75b019726.txt,3682,102
aa2d249e8331a01c384361dd88e5c491.txt,1263,18
eca9ef129e67bdcc582626d123ff1943.txt,735,24
fd224aea20a25f818c20730d311d01b8.txt,499,19
3fb3bcc1dc08f5a1da7297a693e8d747.txt,2365,42
96159361c0b3661436d6eb5115a947e2.txt,1374,21
e8bf642158b41d2020eac8042d3186a2.txt,2659,68
3c320d670af465761b1b6540b7c730a0.txt,1158,14
2ce2658fcb27b35229ee6ee2d73fe8e3.txt,1945,39
82d512959e01fd5b488f2af80d86e0d6.txt,4541,123
571556dc5519794127a776d596e6c109.txt,1423,43
9443e47abd7fbadcb5ddef0be50e52a2.txt,767,10
849cfa3ff6f2ecf2f03d28ed73930b95.txt,1124,23
211f8f1e6a26a67a02fd4681e4ac40f7.txt,2035,29
01ef7931374623e0fd2b21acee301b84.txt,2080,59
0f9e54c244111677d78e13047ea00325.txt,467,9
2d7077962712e0b6e4eaca44950b4936.txt,2128,50
af981f45f48c7566f947beaff4683108.txt,5100,83
b1406efc89818f9cf80898af7d3693e6.txt,2657,86
af8b96e21aaea16164bd91edc4e11a70.txt,3029,60
b692082137cfd90aa6fa887f8d4195cc.txt,2288,41
7907fbabb7d57ad8d76174b10939fc04.txt,751,8
2747e7ae4f3aef9cd112eb766c2bc1de.txt,1661,15
b37ad293e0eb926a1e04dab1f1a9ff14.txt,1664,38
03390c0c2d61673b907038208858baa7.txt,1377,32
57bba6a975caed56cd44cd41db566bcd.txt,1826,20
4916ca73948247d6543806c12c20b589.txt,1304,34
1500d69b7b1fdefbcbd4b96dc19e3a27.txt,698,14
01e0112b1e4636e328ae224b2ecaf6f5.txt,3674,139
940548ecbe61f522cf8372ed478c2338.txt,2478,51
6512f67f32a6345e5c5ce6044e7896b5.txt,3012,80
6bff01d6ff7dc0f7c9b8a6d62ffa0ad3.txt,894,17
2e3471f65ae6656d46715e4781b02cce.txt,564,22
37d867fc3237f365d31f643b77fc5231.txt,1634,30
250650c77756867888a704422479854d.txt,3388,103
1a876b6f8591b0d6b7b9150d809ccd00.txt,5903,97
8755cf8906763f01ee6bca4ee87fab4d.txt,4056,88
3da3945ba711399ff2bb593352939b92.txt,2924,58
dc691a256515fcbd4d49ff25319c3734.txt,1472,16
64025e639ed9a3efd3832b3703bb0b10.txt,3923,128
0a887408b818ad47aacc7ad62faaec38.txt,1380,73
4374f98f5545c1581a137e89f21808b8.txt,2621,52
ece789bdfa9c39e42ad1d7a8defce888.txt,1693,8
47e580f492c318a68dcedff830d35a5e.txt,684,11
2c0a8cffb13535acd1c22cd2f3d8d196.txt,2203,40
c644fe1ec1ef89817c8ffe3cef617de5.txt,447,9
829290037233d347fe458bd69426c7fe.txt,1553,62
a03ee60cb7b41506bb2ae36c78c81520.txt,2924,80
9b20785f327f89276902673afb47c9ed.txt,2938,86
5757b2a4966e6572681b8fafae423238.txt,1103,14
4e917470a3c32d959e94f1a839c94d7d.txt,3510,70
88d72419b8f56fd0676a5ac98daa2b31.txt,142,1
9d967172c7ac8e3ee83a9fb3aa995707.txt,1221,34
9bd89036ae509df64d2c5ffd43f86281.txt,2131,59
aa370448050d9e85feec477bd23d0b9f.txt,1938,58
3d5c5420a3ff9ce9adedb481470e0d0c.txt,3186,51
4ede1f455e4a4d76bbc96ad5a5d4e240.txt,403,5
1e26422c01dff148eaeb14f42eaf1948.txt,2263,51
33daf796ea1af42286b80f347120c230.txt,2260,79
c1080418e80c7b714ee24cbc7d388890.txt,2809,33
f5eac453ad0d1758d65c86b306e5f62a.txt,2456,76
32d59042df0dd81320a5bbb7b1a5f432.txt,2768,57
85803bbbf04f4ca7cba30df07fb84fc6.txt,183,8
164d8808fa292bf57091158fdb7cb741.txt,341,13
d5719cc06589e7837398bc437d581528.txt,1991,49
d5c8d125fdcffa9b2a85ec56cd1b247d.txt,2277,36
5b58cacf92cb26346bbe3d81a108db52.txt,1531,53
049292b2d637d3cc37b504d91cc1cd4e.txt,2270,78
649adb1d0b21b562cce0d53de9a44a8f.txt,1334,32
bca4a40a2d96315d9b81be41275993c7.txt,584,7
2d8d778c323032d0a2ba9aa8d9a5c174.txt,1785,28
03f4ce4c6a02787865cddd3fb8689fa7.txt,2112,27
c0bc9bc2fc85fb1417980329d0ddbb57.txt,1201,21
1e5e1d6362016ab00784d7540b666813.txt,442,3
af83ac3f620dce591f0effd3d28175fa.txt,1896,46
d34a58a9e6afcf36c66b132546eaa8f6.txt,3040,74
acead766f2c155efe5c9d06303785cc9.txt,2012,29
74e4d52dc76c8c4fb6160e94ae6dae70.txt,2223,66
8565bd9c65789aefaaf4dbfcb89c8dc9.txt,473,17
4fee278fd87fba37ea0ab26fa71f38bc.txt,2915,71
c561383e3512e0e21a22bf2b1629881d.txt,1224,21
f53153638f934d607b3a8a7257279115.txt,1941,25
70c16d13ad051b7abb63950d9f641179.txt,1278,13
f6ad5dc3ce93c1d4a981cf499a47bcd6.txt,1431,25
4ac94ed819b43a717496e44239a87916.txt,3152,92
b7606c16cda767ed4775b44c2a4e6ed9.txt,474,5
0ca87758e90fe5d6d63626463ecf1483.txt,2903,41
c5c52bd0fe0b12060e362c6f627ca703.txt,2457,36
e506debd7fbb8493317ad821b11ead0f.txt,2447,96
04ba53a82a30701072f49d5c8aa3f915.txt,458,15
8cc273694731055283677df860d1f7d1.txt,2508,42
2c7d3774141479c01361f2a028b4f1c6.txt,1102,31
b860543650cb002c59d6d2c960252f4e.txt,1294,23
f6b5767c5e5f4e86fc11aea6138180ea.txt,4194,85
9c464145de92c892d3be0f8e01771aa4.txt,3199,27
f72a0f3f56db833aa30b3466b6b8dd53.txt,1228,33
c57e44a0c624933be66fd01be92cfffb.txt,2226,38
cb9f1663861c7154e3e0c647faca0793.txt,384,6
168144b782eec52fd6b37b466edfa2a5.txt,3742,102
b76af21ecaee86ae3abde31a2f719c8f.txt,3772,98
2b8c8793abea6ea8b035b3343df386de.txt,709,12
d361cf271b8115edff8b1cd188fd2567.txt,1441,23
18ab9f1660458f705c175eefe749f7d1.txt,1932,19
5a48f127664ea6adddcd3bd3cb2bb964.txt,1892,27
0d3928e8d9e30797b4f71290ebb2d05d.txt,3325,73
057c56f92de36934a6c939825bc67801.txt,2708,27
5039043a8579b7ae3a5c2b9d5223d6d7.txt,2489,29
8ab743a032f7aece4a396e3020d89eae.txt,2552,61
be12656577f6a27e8f5d6f9435745bc4.txt,585,8
24e5f766d5d95ccfaaf89b4f687f2b1a.txt,2627,120
2fc0e95ec64614f093e5bbde1f0687b1.txt,586,3
8daeaa96dad248f3e045e7f7c43f0c6f.txt,2204,46
7a6195d0f234885bd049c036ef85e2d5.txt,5886,92
6eaa879c614d41c69853ad07bc8d765b.txt,1547,26
41fb7b3a6652ced0fd393600c4b7a914.txt,3145,100
b26cbe75abc0545a9b012c70e02917cb.txt,1710,39
64de020e9838c54b1c5c3217e20f0945.txt,497,14
ed5038c6f52c06530c8c3f7fcc33be90.txt,1961,47
d4383f8eb08eb1624e75deb96ebfb394.txt,2699,82
597abad4cee2db2a68107d3c2682853f.txt,5273,136
053dcd55b13d77e23c34647cff1d5f64.txt,441,11
001009aa000736efc26b1c28fb015dff.txt,1527,29
b24ca2f153fbf4f73d3f3100945763fb.txt,560,16
ffe105aaf48cb0027d179bcfb50ced14.txt,3813,103
576d4d18629c60b08a393cd2ebbb492c.txt,4641,127
fd3e14cb3e9181e4198115124515dc88.txt,357,6
cdfc4cf08403b393fa27de0547d100b7.txt,1628,47
1a64adc52fe1dbdfb2d54324743a3608.txt,2659,57
b72f3999a679131bbb7bb359fc54d7fb.txt,846,9
d24d5b3dde5dca63e3c9cfc8e0a5dd05.txt,3413,58
fca182fe9ed91dbc256d754ab6058e75.txt,2593,58
a7143e11a9133ffdfd8593883a370470.txt,2462,15
5fdaf2318ff3c97e4594b200465b4533.txt,1662,46
8971e363aa8cf4d99f85dc340c9fd1b7.txt,2641,51
a48c2a797e7f0e3d835942f4fa2da769.txt,1994,36
a44c60e754ba2d2e07f32e70609dd678.txt,1281,5
ed8ee869ce10d70f1069da41e56034ff.txt,4084,86
e0c68c8cf26f7f9fdd503dbb31d910de.txt,1010,39
011e6adf78a56a90e0f296e9e35af573.txt,292,5
9c2d43d31aa3dd21463b680c0fd04526.txt,2616,46
7b4da389b23dc69e41d211d7dea233c6.txt,1149,27
ca4ba8b22e9247b2985356a7186adb2d.txt,716,28
f82b14f462a1bc40a639fa0451018594.txt,1358,31
68854cd012c4ec2f06fb73c1c79f7496.txt,2096,45
a62475e723ed5d4931027bd11ccbc809.txt,3624,77
d019116d68122360fec6f1dafda6078f.txt,1643,40
bdca767e73ed77dc7bbdcca00cff7a9f.txt,923,29
01d21bde5736d651573af2ecbd579bec.txt,2187,53
fa20c3effae4de343276e741aaaae059.txt,1939,12
0b3ef8cd8c5e687b1c7cb841347cf27b.txt,5417,128
0401ef7a119502c82dfda115e95c0e36.txt,1726,18
b2524ecdac7f32a06dc0b742b1f7322b.txt,1480,37
ea281988873e88ee620b11cb8028c951.txt,1282,29
95cc42eddc67ba3639b1f5e659d9c73e.txt,4846,157
a382548da7debaf77d809059bdef2c47.txt,1383,22
b1b3251d270b2bc40eba05699d13cfc9.txt,975,9
51db7e6ca40b047c64a55d19068f8738.txt,1359,28
615dc78c317f2e0143966a1946b47a1c.txt,3242,68
9467c96cdf5d88955063e502c1bad41f.txt,2116,52
32347d484275281f3fc579fb26a3667c.txt,4566,93
944d77644f9a679627d991feee36c1a6.txt,1156,46
00849ca8e0aa25b4785045d825d57318.txt,2323,77
e88cd594b70e976edc80f2f8bb1c1f9e.txt,698,18
5ddf4c9c4af3b758bbc7711d3cb1168e.txt,577,16
63868e437104a0f09d3e729540abd529.txt,3594,83
7c752497d007d3db90b990ebf39b83d0.txt,2955,135
0b49a0004bf96b46881e5e075e87b081.txt,1066,13
3629f0881a7e71883f2064ac062ff833.txt,3479,104
8e2d3094d08cb1500e34dffe57ce1161.txt,2688,52
0f94e0eafeece5799fca961642ee6b50.txt,815,23
b4558bef5e5dba77d34c5c829068b582.txt,4333,68
44b07daa459f286040ab6176c29c91a9.txt,3722,60
f6e99f6574c884ee8c8878c0ca26782c.txt,4481,50
6c3b4c9422ddacdd18e091a58eb489fc.txt,477,5
e11d8adf790ab73103bf35b024429f2e.txt,501,14
f34582c4152ef3ea1770a1a0abe90ab7.txt,2178,82
09be19b5e93528c15ecdd3cb81d39e50.txt,312,7
51e9482999f1d10cfdb0765af0b7232b.txt,1646,33
c4612264da38bd355a7260241361ef12.txt,2601,92
2ec1882439e275aceceef0d8b9afc807.txt,3494,70
2a55552c6ee19cab6c7eea4f0bf3d5d7.txt,1495,33
ec7e5e9f05b4022c61663eed41964739.txt,1290,30
b91b5c571cc66fe101a685563b90f464.txt,1100,25
3b2e527581add1ebfe6ccc23b1d687ce.txt,688,11
fcfc5974a5e02eef6d651737b3d344bc.txt,390,8
5d4fe7f67985be1c697461f284a52519.txt,651,23
3c2e57276e84a865f6c7816127698351.txt,3620,95
51f8685b5bda7b1772b2d9a9ab21b32c.txt,1311,25
9fd77ea47455f3f9425276eada52dfa0.txt,1350,18
0efc25c9b8c8b7adb6b072ca3daff99e.txt,452,14
c2b0566013d731d5ea34b525ff31df33.txt,5217,94
e4e3882babe00f52d01b72e65f351729.txt,943,21
47af9c56ad239e39df704348cedb4b78.txt,3421,72
